<configuration>
<!-- Console Appender -->
<appender name="CONSOLE" class="ch.qos.logback.core.ConsoleAppender">
<encoder>
<pattern>%d{yyyy-MM-dd HH:mm:ss.SSS} [%thread] %-5level %logger{36} - %msg%n</pattern>
</encoder>
</appender>
 
    <!-- File Appender with Rolling Policy -->
<appender name="FILE" class="ch.qos.logback.core.rolling.RollingFileAppender">
<file>logs/WasteCollection.log</file>
<rollingPolicy class="ch.qos.logback.core.rolling.TimeBasedRollingPolicy">
<!-- daily rollover -->
<fileNamePattern>logs/WasteCollection.%d{yyyy-MM-dd}.log</fileNamePattern>
<maxHistory>30</maxHistory>
</rollingPolicy>
<encoder>
<pattern>%d{yyyy-MM-dd HH:mm:ss.SSS} [%thread] %-5level %logger{36} - %msg%n</pattern>
</encoder>
</appender>
 
    <!-- Root logger -->
<root level="INFO">
<appender-ref ref="CONSOLE" />
<appender-ref ref="FILE" />
</root>
 
    <!-- Package-specific logging level -->
<logger name="com.wastewise.WasteCollectionLogs" level="DEBUG" additivity="false">
<appender-ref ref="CONSOLE" />
<appender-ref ref="FILE" />
</logger>
</configuration>